PMID,Title,Authors,Citation,First Author,Journal/Book,Publication Year,Create Date,PMCID,NIHMS ID,DOI
"42413151","Multimodal clinical data integration for prognosis of pulmonary embolism: A comparative study","Paolo D, Soda P, Tortora M, Bria A, Sicilia R.","Comput Med Imaging Graph. 2026 Jul;133:102794. doi: 10.1016/j.compmedimag.2026.102794. Epub 2026 Jul 2.","Paolo D","Comput Med Imaging Graph","2026","2026/07/07","","","10.1016/j.compmedimag.2026.102794"
"42284289","Unimodal vs. multimodal deep learning for non-invasive MGMT promoter methylation prediction in glioblastoma: A systematic evaluation on the BraTS 2021 dataset","Oulia F, Charton P, Kabir M, Gardebien F, Damour C, Cadet F.","PLoS One. 2026 Jun 12;21(6):e0351405. doi: 10.1371/journal.pone.0351405. eCollection 2026.","Oulia F","PLoS One","2026","2026/06/12","PMC13262868","","10.1371/journal.pone.0351405"
"41803650","MedFusion-gP-AKI: development and multicenter validation of a machine learning fusion model for early prediction of KDIGO stage 3 acute kidney injury in critically ill traumatic cervicothoracic spinal cord injury patients","Wang Y, Wang J, Li W, Wang Y, Pan P, Xiao Y, Li Y.","Ren Fail. 2026 Dec;48(1):2640690. doi: 10.1080/0886022X.2026.2640690. Epub 2026 Mar 9.","Wang Y","Ren Fail","2026","2026/03/10","PMC12978183","","10.1080/0886022X.2026.2640690"
"41061147","A Vision-Language-Guided Multimodal Fusion Network for Glottic Carcinoma Early Diagnosis: Model Development and Validation Study","Jin Z, Shuai Y, Li Y, Chen M, Liu Y, Lei W, Fan X.","JMIR Med Inform. 2025 Oct 8;13:e74902. doi: 10.2196/74902.","Jin Z","JMIR Med Inform","2025","2025/10/08","PMC12507326","","10.2196/74902"
"40966528","Fusion of X-Ray Images and Clinical Data for a Multimodal Deep Learning Prediction Model of Osteoporosis: Algorithm Development and Validation Study","Tang J, Yin X, Lai J, Luo K, Wu D.","JMIR Med Inform. 2025 Sep 18;13:e70738. doi: 10.2196/70738.","Tang J","JMIR Med Inform","2025","2025/09/18","PMC12445622","","10.2196/70738"
"40924525","Static Force Prediction: Comparative Analysis and Fusion Strategies Between Surface Electromyography and Electrical Impedance Myography","Xu P, Zhou J, Zhuang Y, Li X, Lucev Vasic Z, Cifrek M, Liu Y, Gao Y.","IEEE Trans Neural Syst Rehabil Eng. 2025;33:3697-3708. doi: 10.1109/TNSRE.2025.3607757.","Xu P","IEEE Trans Neural Syst Rehabil Eng","2025","2025/09/09","","","10.1109/TNSRE.2025.3607757"
"40328536","Prediction of EGFR Mutations in Lung Adenocarcinoma via CT Images: A Comparative Study of Intratumoral and Peritumoral Radiomics, Deep Learning, and Fusion Models","Huang L, Xu L, Wang X, Zhang G, Gao X, Niu L, Wen L.","Acad Radiol. 2025 Aug;32(8):4880-4892. doi: 10.1016/j.acra.2025.04.029. Epub 2025 May 5.","Huang L","Acad Radiol","2025","2025/05/06","","","10.1016/j.acra.2025.04.029"
"40188576","Towards robust multimodal ultrasound classification for liver tumor diagnosis: A generative approach to modality missingness","Guo J, Bu R, Shen W, Feng T.","Comput Methods Programs Biomed. 2025 Jun;265:108759. doi: 10.1016/j.cmpb.2025.108759. Epub 2025 Mar 30.","Guo J","Comput Methods Programs Biomed","2025","2025/04/06","","","10.1016/j.cmpb.2025.108759"
"39565521","A Method for Detecting Depression in Adolescence Based on an Affective Brain-Computer Interface and Resting-State Electroencephalogram Signals","Guan Z, Zhang X, Huang W, Li K, Chen D, Li W, Sun J, Chen L, Mao Y, Sun H, Tang X, Cao L, Li Y.","Neurosci Bull. 2025 Mar;41(3):434-448. doi: 10.1007/s12264-024-01319-7. Epub 2024 Nov 20.","Guan Z","Neurosci Bull","2025","2024/11/20","PMC11876500","","10.1007/s12264-024-01319-7"
"38448758","Development and Validation of Multimodal Models to Predict the 30-Day Mortality of ICU Patients Based on Clinical Parameters and Chest X-Rays","Lin J, Yang J, Yin M, Tang Y, Chen L, Xu C, Zhu S, Gao J, Liu L, Liu X, Gu C, Huang Z, Wei Y, Zhu J.","J Imaging Inform Med. 2024 Aug;37(4):1312-1322. doi: 10.1007/s10278-024-01066-1. Epub 2024 Mar 6.","Lin J","J Imaging Inform Med","2024","2024/03/06","PMC11300735","","10.1007/s10278-024-01066-1"
